<?xml version="1.0" encoding="UTF-8"?>
<!DOCTYPE mapper
        PUBLIC "-//mybatis.org//DTD Mapper 3.0//EN"
        "http://mybatis.org/dtd/mybatis-3-mapper.dtd">

<mapper namespace="b">

    <sql id="search">
        <if test="condition == 'book_id'">
            where book_id like '%' || #{keyword} || '%'
        </if>
        <if test="condition == 'book_name'">
            where book_name like '%' || #{keyword} || '%'
        </if>
        <if test="condition == 'book_author'">
            where book_author like '%' || #{keyword} || '%'
        </if>
        <if test="condition == 'book_genre'">
            where book_genre like '%' || #{keyword} || '%'
        </if>
    </sql>


    <select id="selectBook" resultType="Book" parameterType="SearchCondition">
        select * from book
        <include refid="search"/>
    </select>

</mapper>